word,count
真的,94
一起,94
游戏,69
一个,68
会,59
吃,55
做,54
体验,53
新,49
视频,45
太,43
系列,40
中,40
省流,39
梦幻,37
没有,37
联动,34
超,34
竟然,34
版,34
动画,34
到底,34
狗头,33
世界,33
里,32
这是,32
完,31
电影,31
中国,31
还原,30
真实,28
挑战,28
老师,28
出,27
神仙,27
没,27
听,27
爱,27
震撼,26
年,26
技术,25
原来,25
咯,25
剧情,25
故事,24
带,24
鬼畜,24
整活,24
教,24
说,24
笑,24
真,23
复刻,23
感受,23
青春,21
美食,21
第一次,21
小潮,21
不能,21
质量,21
永远,20
更新,20
历史,20
高,20
狂喜,19
谢谢,19
一定,19
解析,19
玩,19
老,19
番茄,19
快乐,19
可爱,19
测评,18
恭喜,18
浪漫,18
力,18
成为,18
不会,18
背后,18
人生,17
月,17
已经,17
妈妈,17
区,17
好听,17
硬核,16
惊人,16
出现,16
可能,16
最后,16
站,16
快,16
祝,16
神奇,16
拉满,16
知识,16
细节,15
终于,15
看到,15
开启,15
生活,15
真正,15
更,15
欢迎,15
知道,15
懂,15
艺术,15
请,15
经典,15
在线,15
不要,14
收藏,14
起来,14
现在,14
存在,14
手机,14
完美,14
跳,14
感动,14
沉浸,14
式,14
超高,14
无限,13
冒险,13
新番,13
事,13
想,13
特效,13
一场,13
度,13
点击,13
高质量,13
人类,13
一次,13
全新,13
回归,13
自制,13
角色,13
两个,13
神,13
以后,13
风,12
主,12
看看,12
绝美,12
二创,12
爱看,12
朋友,12
必看,12
上线,12
老板,12
生日快乐,12
学会,12
跳舞,12
深度,12
治愈,12
英雄,12
穿,12
恐怖,12
这期,12
有人,12
一集,12
整个,11
意义,11
离谱,11
时,11
科普,11
美国,11
家,11
绝对,11
精品,11
视角,11
童年,11
这件,11
拒绝,11
需要,11
制作,11
未来,11
解读,11
精彩,11
赛博,11
有点,11
告诉,11
回忆,11
画,11
年度,11
拍,11
猫猫,10
期待,10
属于,10
耶,10
事情,10
不到,10
作品,10
杀,10
魔法,10
伟大,10
完结,10
岁,10
上海,10
见证,10
芬兰,10
一天,10
外卖,10
猫,10
每个,10
方舟,10
回来,10
梦,10
双厨,10
长,10
原因,10
希望,10
西游记,10
一种,10
优雅,10
一生,10
主题曲,10
最强,10
变成,10
幸福,10
解说,10
美好,10
非遗,10
某幻,10
看过,10
过程,10
唱,10
了解,10
走,9
热血,9
时间,9
见,9
成,9
玩家,9
亿遍,9
量,9
宝藏,9
狠人,9
甜,9
音乐,9
男人,9
要素,9
梦想,9
记录,9
同学,9
拥有,9
孩子,9
梗,9
成功,9
风格,9
致敬,9
来看,9
三,9
一年,9
实现,9
婚礼,9
火影,9
传奇,9
前,9
一下,8
现实,8
做到,8
一期,8
漫展,8
绵羊,8
这种,8
爷青回,8
每天,8
当代,8
有趣,8
传说,8
崩坏,8
灵魂,8
眼睛,8
第一,8
顶级,8
传统,8
奇迹,8
全明星,8
大学生,8
曲,8
组合,8
文化,8
东西,8
一直,8
流畅,8
水平,8
组织,8
发生,8
生存,8
兄弟,8
剪,8
节目,8
来到,8
感,8
牛,8
配音,8
大结局,8
